Geographical Area,Population_2000,Population 2010,Area in square miles,Population density 2000,Population density 2010
United States,"281,421,906","308,745,538","3,531,905.4",79.7,87.4
Inside core based statistical area,"262,290,227","289,261,315","1,649,928.4",159.0,175.3
In metropolitan statistical area,"233,069,827","258,317,763","912,992.1",255.3,282.9
"Abilene, TX","160,245","165,252","2,743.5",58.4,60.2
"Akron, OH","694,960","703,200",900.1,772.1,781.2
"Albany, GA","157,833","157,308","1,932.6",81.7,81.4
"Albany-Schenectady-Troy, NY","825,875","870,716","2,811.6",293.7,309.7
"Albuquerque, NM","729,649","887,077","9,282.5",78.6,95.6
"Alexandria, LA","145,035","153,922","1,961.0",74.0,78.5
"Allentown-Bethlehem-Easton, PA-NJ","740,395","821,173","1,453.2",509.5,565.1
"Altoona, PA","129,144","127,089",525.8,245.6,241.7
"Amarillo, TX","226,522","249,881","3,649.2",62.1,68.5
"Ames, IA","79,981","89,542",572.8,139.6,156.3
"Anchorage, AK","319,605","380,821","26,312.6",12.1,14.5
"Anderson, IN","133,358","131,636",451.9,295.1,291.3
"Anderson, SC","165,740","187,126",715.4,231.7,261.6
"Ann Arbor, MI","322,895","344,791",706.0,457.4,488.4
"Anniston-Oxford, AL","112,249","118,572",605.9,185.3,195.7
"Appleton, WI","201,602","225,666",955.8,210.9,236.1
"Asheville, NC","369,171","424,858","2,033.0",181.6,209.0
"Athens-Clarke County, GA","166,079","192,541","1,024.8",162.1,187.9
"Atlanta-Sandy Springs-Marietta, GA","4,247,981","5,268,860","8,338.5",509.4,631.9
"Atlantic City-Hammonton, NJ","252,552","274,549",555.7,454.5,494.1
"Auburn-Opelika, AL","115,092","140,247",607.5,189.4,230.8
"Augusta-Richmond County, GA-SC","499,684","556,877","3,270.3",152.8,170.3
"Austin-Round Rock-San Marcos, TX","1,249,763","1,716,289","4,219.9",296.2,406.7
"Bakersfield-Delano, CA","661,645","839,631","8,131.9",81.4,103.3
"Baltimore-Towson, MD","2,552,994","2,710,489","2,601.5",981.4,"1,041.9"
"Bangor, ME","144,919","153,923","3,397.4",42.7,45.3
"Barnstable Town, MA","222,230","215,888",393.7,564.4,548.3
"Baton Rouge, LA","705,973","802,484","4,026.9",175.3,199.3
"Battle Creek, MI","137,985","136,146",706.2,195.4,192.8
"Bay City, MI","110,157","107,771",442.3,249.1,243.7
"Beaumont-Port Arthur, TX","385,090","388,745","2,100.5",183.3,185.1
"Bellingham, WA","166,814","201,140","2,106.9",79.2,95.5
"Bend, OR","115,367","157,733","3,018.2",38.2,52.3
"Billings, MT","138,904","158,050","4,682.1",29.7,33.8
"Binghamton, NY","252,320","251,725","1,224.4",206.1,205.6
"Birmingham-Hoover, AL","1,052,238","1,128,047","5,279.5",199.3,213.7
"Bismarck, ND","94,719","108,779","3,558.9",26.6,30.6
"Blacksburg-Christiansburg-Radford, VA","151,272","162,958","1,072.5",141.0,151.9
"Bloomington, IN","175,506","192,714","1,322.3",132.7,145.7
"Bloomington-Normal, IL","150,433","169,572","1,183.4",127.1,143.3
"Boise City-Nampa, ID","464,840","616,561","11,765.6",39.5,52.4
"Boston-Cambridge-Quincy, MA-NH","4,391,344","4,552,402","3,487.4","1,259.2","1,305.4"
"Boulder, CO","269,814","294,567",726.3,368.2,405.6
"Bowling Green, KY","104,166","125,953",844.5,123.3,149.1
"Bremerton-Silverdale, WA","231,969","251,133",394.9,587.4,635.9
"Bridgeport-Stamford-Norwalk, CT","882,567","916,829",624.9,"1,412.4","1,467.2"
"Brownsville-Harlingen, TX","335,227","406,220",890.9,376.3,456.0
"Brunswick, GA","93,044","112,370","1,286.4",72.3,87.4
"Buffalo-Niagara Falls, NY","1,170,111","1,135,509","1,565.1",747.6,725.5
"Burlington, NC","130,800","151,131",423.9,308.5,356.5
"Burlington-South Burlington, VT","198,889","211,261","1,252.1",158.8,168.7
"Canton-Massillon, OH","406,934","404,422",969.9,419.6,417.0
"Cape Coral-Fort Myers, FL","440,888","618,754",784.5,562.0,788.7
"Cape Girardeau-Jackson, MO-IL","90,312","96,275","1,431.9",63.1,67.2
"Carson City, NV","52,457","55,274",144.7,362.6,382.1
"Casper, WY","66,533","75,450","5,340.4",12.5,14.1
"Cedar Rapids, IA","237,230","257,940","2,008.8",118.1,128.4
"Champaign-Urbana, IL","210,275","231,891","1,921.1",109.5,120.7
"Charleston, WV","309,635","304,284","2,527.7",122.5,120.4
"Charleston-North Charleston-Summerville, SC","549,033","664,607","2,588.2",212.1,256.8
"Charlotte-Gastonia-Rock Hill, NC-SC","1,330,448","1,758,038","3,085.2",431.2,569.8
"Charlottesville, VA","174,021","201,559","1,644.0",105.8,122.6
"Chattanooga, TN-GA","476,531","528,143","2,089.0",228.1,252.8
"Cheyenne, WY","81,607","91,738","2,685.9",30.4,34.2
"Chicago-Joliet-Naperville, IL-IN-WI","9,098,316","9,461,105","7,196.8","1,264.2","1,314.6"
"Chico, CA","203,171","220,000","1,636.5",124.2,134.4
"Cincinnati-Middletown, OH-KY-IN","2,009,632","2,130,151","4,391.9",457.6,485.0
"Clarksville, TN-KY","232,000","273,949","2,157.4",107.5,127.0
"Cleveland, TN","104,015","115,788",763.4,136.2,151.7
"Cleveland-Elyria-Mentor, OH","2,148,143","2,077,240","1,997.3","1,075.5","1,040.0"
"Coeur d'Alene, ID","108,685","138,494","1,244.1",87.4,111.3
"College Station-Bryan, TX","184,885","228,660","2,100.2",88.0,108.9
"Colorado Springs, CO","537,484","645,613","2,683.9",200.3,240.6
"Columbia, MO","145,666","172,786","1,149.3",126.7,150.3
"Columbia, SC","647,158","767,598","3,702.7",174.8,207.3
"Columbus, GA-AL","281,768","294,865","1,936.1",145.5,152.3
"Columbus, IN","71,435","76,794",406.9,175.6,188.7
"Columbus, OH","1,612,694","1,836,536","3,967.2",406.5,462.9
"Corpus Christi, TX","403,280","428,185","1,784.0",226.1,240.0
"Corvallis, OR","78,153","85,579",675.9,115.6,126.6
"Crestview-Fort Walton Beach-Destin, FL","170,498","180,822",930.2,183.3,194.4
"Cumberland, MD-WV","102,008","103,299",752.0,135.7,137.4
"Dallas-Fort Worth-Arlington, TX","5,161,544","6,371,773","8,927.5",578.2,713.7
"Dalton, GA","120,031","142,227",634.9,189.0,224.0
"Danville, IL","83,919","81,625",898.4,93.4,90.9
"Danville, VA","110,156","106,561","1,011.9",108.9,105.3
"Davenport-Moline-Rock Island, IA-IL","376,019","379,690","2,269.9",165.7,167.3
"Dayton, OH","848,153","841,502","1,706.0",497.2,493.3
"Decatur, AL","145,867","153,829","1,270.0",114.9,121.1
"Decatur, IL","114,706","110,768",580.7,197.5,190.8
"Deltona-Daytona Beach-Ormond Beach, FL","443,343","494,593","1,101.0",402.7,449.2
"Denver-Aurora-Broomfield, CO","2,179,240","2,543,482","8,346.1",260.4,304.8
"Des Moines-West Des Moines, IA","481,394","569,633","2,883.7",166.9,197.5
"Detroit-Warren-Livonia, MI","4,452,557","4,296,250","3,888.4","1,145.1","1,104.9"
"Dothan, AL","130,861","145,639","1,716.0",76.3,84.9
"Dover, DE","126,697","162,310",586.2,216.1,276.9
"Dubuque, IA","89,143","93,653",608.3,146.5,154.0
"Duluth, MN-WI","275,486","279,771","8,412.9",32.7,33.3
"Durham-Chapel Hill, NC","426,493","504,357","1,758.4",242.5,286.8
"Eau Claire, WI","148,337","161,151","1,646.4",90.1,97.9
"El Centro, CA","142,361","174,528","4,176.6",34.1,41.8
"Elizabethtown, KY","107,547","119,736",884.8,121.5,135.3
"Elkhart-Goshen, IN","182,791","197,559",463.2,394.7,426.5
"Elmira, NY","91,070","88,830",407.4,223.6,218.1
"El Paso, TX","679,622","800,647","1,012.7",671.1,790.6
"Erie, PA","280,843","280,566",799.2,351.4,351.1
"Eugene-Springfield, OR","322,959","351,715","4,553.1",70.9,77.2
"Evansville, IN-KY","342,815","358,676","2,284.0",150.1,157.0
"Fairbanks, AK","82,840","97,581","7,338.2",11.3,13.3
"Fargo, ND-MN","174,367","208,777","2,810.3",62.0,74.3
"Farmington, NM","113,801","130,044","5,513.1",20.6,23.6
"Fayetteville, NC","336,609","366,383","1,043.1",322.7,351.3
"Fayetteville-Springdale-Rogers, AR-MO","347,045","463,204","3,163.1",109.7,146.4
"Flagstaff, AZ","116,320","134,421","18,618.9",6.2,7.2
"Flint, MI","436,141","425,790",637.0,684.7,668.5
"Florence, SC","193,155","205,566","1,361.1",141.9,151.0
"Florence-Muscle Shoals, AL","142,950","147,137","1,260.3",113.4,116.7
"Fond du Lac, WI","97,296","101,633",719.6,135.2,141.2
"Fort Collins-Loveland, CO","251,494","299,630","2,596.0",96.9,115.4
"Fort Smith, AR-OK","273,170","298,592","3,996.3",68.4,74.7
"Fort Wayne, IN","390,156","416,257","1,361.0",286.7,305.9
"Fresno, CA","799,407","930,450","5,958.0",134.2,156.2
"Gadsden, AL","103,459","104,430",535.0,193.4,195.2
"Gainesville, FL","232,392","264,275","1,224.7",189.8,215.8
"Gainesville, GA","139,277","179,684",392.8,354.6,457.5
"Glens Falls, NY","124,345","128,923","1,698.1",73.2,75.9
"Goldsboro, NC","113,329","122,623",553.1,204.9,221.7
"Grand Forks, ND-MN","97,478","98,461","3,407.5",28.6,28.9
"Grand Junction, CO","116,255","146,723","3,329.0",34.9,44.1
"Grand Rapids-Wyoming, MI","740,482","774,160","2,784.5",265.9,278.0
"Great Falls, MT","80,357","81,327","2,698.2",29.8,30.1
"Greeley, CO","180,926","252,825","3,987.2",45.3,63.4
"Green Bay, WI","282,599","306,241","1,870.2",151.1,163.7
"Greensboro-High Point, NC","643,430","723,801","1,993.8",322.7,363.0
"Greenville, NC","152,772","189,510",917.9,166.4,206.5
"Greenville-Mauldin-Easley, SC","559,940","636,986","1,995.3",280.6,319.2
"Gulfport-Biloxi, MS","246,190","248,820","1,493.2",164.9,166.6
"Hagerstown-Martinsburg, MD-WV","222,771","269,140","1,008.0",221.0,267.0
"Hanford-Corcoran, CA","129,461","152,982","1,389.4",93.2,110.1
"Harrisburg-Carlisle, PA","509,074","549,475","1,622.0",313.9,338.8
"Harrisonburg, VA","108,193","125,228",866.5,124.9,144.5
"Hartford-West Hartford-East Hartford, CT","1,148,618","1,212,381","1,514.6",758.4,800.5
"Hattiesburg, MS","123,812","142,842","1,610.6",76.9,88.7
"Hickory-Lenoir-Morganton, NC","341,851","365,497","1,637.4",208.8,223.2
"Hinesville-Fort Stewart, GA","71,914","77,917",890.1,80.8,87.5
"Holland-Grand Haven, MI","238,314","263,801",563.5,422.9,468.2
"Honolulu, HI","876,156","953,207",600.7,"1,458.5","1,586.7"
"Hot Springs, AR","88,068","96,024",677.8,129.9,141.7
"Houma-Bayou Cane-Thibodaux, LA","194,477","208,178","2,300.0",84.6,90.5
"Houston-Sugar Land-Baytown, TX","4,715,407","5,946,800","8,827.5",534.2,673.7
"Huntington-Ashland, WV-KY-OH","288,649","287,702","1,744.6",165.4,164.9
"Huntsville, AL","342,376","417,593","1,361.5",251.5,306.7
"Idaho Falls, ID","101,677","130,374","2,959.6",34.4,44.1
"Indianapolis-Carmel, IN","1,525,104","1,756,241","3,854.5",395.7,455.6
"Iowa City, IA","131,676","152,586","1,182.9",111.3,129.0
"Ithaca, NY","96,501","101,564",474.6,203.3,214.0
"Jackson, MI","158,422","160,248",701.7,225.8,228.4
"Jackson, MS","497,197","539,057","3,726.1",133.4,144.7
"Jackson, TN","107,377","115,425",842.9,127.4,136.9
"Jacksonville, FL","1,122,750","1,345,596","3,201.1",350.7,420.4
"Jacksonville, NC","150,355","177,772",762.7,197.1,233.1
"Janesville, WI","152,307","160,331",718.1,212.1,223.3
"Jefferson City, MO","140,052","149,807","2,247.7",62.3,66.6
"Johnson City, TN","181,607","198,716",853.8,212.7,232.7
"Johnstown, PA","152,598","143,679",688.4,221.7,208.7
"Jonesboro, AR","107,762","121,026","1,465.6",73.5,82.6
"Joplin, MO","157,322","175,518","1,263.3",124.5,138.9
"Kalamazoo-Portage, MI","314,866","326,589","1,169.1",269.3,279.3
"Kankakee-Bradley, IL","103,833","113,449",676.6,153.5,167.7
"Kansas City, MO-KS","1,836,038","2,035,334","7,827.3",234.6,260.0
"Kennewick-Pasco-Richland, WA","191,822","253,340","2,942.6",65.2,86.1
"Killeen-Temple-Fort Hood, TX","330,714","405,300","2,815.9",117.4,143.9
"Kingsport-Bristol-Bristol, TN-VA","298,484","309,544","2,009.9",148.5,154.0
"Kingston, NY","177,749","182,493","1,124.2",158.1,162.3
"Knoxville, TN","616,079","698,030","1,856.8",331.8,375.9
"Kokomo, IN","101,541","98,688",553.6,183.4,178.3
"La Crosse, WI-MN","126,838","133,665","1,003.7",126.4,133.2
"Lafayette, IN","178,541","201,789","1,278.4",139.7,157.8
"Lafayette, LA","239,086","273,738","1,006.4",237.6,272.0
"Lake Charles, LA","193,568","199,607","2,348.5",82.4,85.0
"Lake Havasu City-Kingman, AZ","155,032","200,186","13,311.1",11.6,15.0
"Lakeland-Winter Haven, FL","483,924","602,095","1,797.8",269.2,334.9
"Lancaster, PA","470,658","519,445",943.8,498.7,550.4
"Lansing-East Lansing, MI","447,728","464,036","1,697.7",263.7,273.3
"Laredo, TX","193,117","250,304","3,361.5",57.4,74.5
"Las Cruces, NM","174,682","209,233","3,807.5",45.9,55.0
"Las Vegas-Paradise, NV","1,375,765","1,951,269","7,891.4",174.3,247.3
"Lawrence, KS","99,962","110,826",455.9,219.3,243.1
"Lawton, OK","114,996","124,098","1,069.3",107.5,116.1
"Lebanon, PA","120,327","133,568",361.8,332.5,369.1
"Lewiston, ID-WA","57,961","60,888","1,484.3",39.0,41.0
"Lewiston-Auburn, ME","103,793","107,702",467.9,221.8,230.2
"Lexington-Fayette, KY","408,326","472,099","1,468.5",278.1,321.5
"Lima, OH","108,473","106,331",402.5,269.5,264.2
"Lincoln, NE","266,787","302,157","1,409.0",189.3,214.5
"Little Rock-North Little Rock-Conway, AR","610,518","699,757","4,085.2",149.4,171.3
"Logan, UT-ID","102,720","125,442","1,828.5",56.2,68.6
"Longview, TX","194,042","214,369","1,780.3",109.0,120.4
"Longview, WA","92,948","102,410","1,140.1",81.5,89.8
"Los Angeles-Long Beach-Santa Ana, CA","12,365,627","12,828,837","4,848.5","2,550.4","2,646.0"
"Louisville/Jefferson County, KY-IN","1,161,975","1,283,566","4,110.9",282.7,312.2
"Lubbock, TX","249,700","284,890","1,795.8",139.0,158.6
"Lynchburg, VA","228,616","252,634","2,120.3",107.8,119.1
"Macon, GA","222,368","232,293","1,722.6",129.1,134.8
"Madera-Chowchilla, CA","123,109","150,865","2,137.1",57.6,70.6
"Madison, WI","501,774","568,593","2,725.3",184.1,208.6
"Manchester-Nashua, NH","380,841","400,721",876.1,434.7,457.4
"Manhattan, KS","108,999","127,081","1,835.4",59.4,69.2
"Mankato-North Mankato, MN","85,712","96,740","1,196.3",71.6,80.9
"Mansfield, OH","128,852","124,475",495.3,260.2,251.3
"McAllen-Edinburg-Mission, TX","569,463","774,769","1,570.9",362.5,493.2
"Medford, OR","181,269","203,206","2,783.5",65.1,73.0
"Memphis, TN-MS-AR","1,205,204","1,316,100","4,577.9",263.3,287.5
"Merced, CA","210,554","255,793","1,935.0",108.8,132.2
"Miami-Fort Lauderdale-Pompano Beach, FL","5,007,564","5,564,635","5,077.3",986.3,"1,096.0"
"Michigan City-La Porte, IN","110,106","111,467",598.3,184.0,186.3
"Midland, TX","116,009","136,872",900.3,128.9,152.0
"Milwaukee-Waukesha-West Allis, WI","1,500,741","1,555,908","1,454.8","1,031.6","1,069.5"
"Minneapolis-St. Paul-Bloomington, MN-WI","2,968,806","3,279,833","6,027.2",492.6,544.2
"Missoula, MT","95,802","109,299","2,593.4",36.9,42.1
"Mobile, AL","399,843","412,992","1,229.4",325.2,335.9
"Modesto, CA","446,997","514,453","1,494.8",299.0,344.2
"Monroe, LA","170,053","176,441","1,487.4",114.3,118.6
"Monroe, MI","145,945","152,021",549.4,265.6,276.7
"Montgomery, AL","346,528","374,536","2,713.1",127.7,138.0
"Morgantown, WV","111,200","129,709","1,008.9",110.2,128.6
"Morristown, TN","123,081","136,608",715.9,171.9,190.8
"Mount Vernon-Anacortes, WA","102,979","116,901","1,731.2",59.5,67.5
"Muncie, IN","118,769","117,671",392.1,302.9,300.1
"Muskegon-Norton Shores, MI","170,200","172,188",499.2,340.9,344.9
"Myrtle Beach-North Myrtle Beach-Conway, SC","196,629","269,291","1,133.9",173.4,237.5
"Napa, CA","124,279","136,484",748.4,166.1,182.4
"Naples-Marco Island, FL","251,377","321,520","1,998.3",125.8,160.9
"Nashville-Davidson--Murfreesboro--Franklin, TN","1,311,789","1,589,934","5,688.7",230.6,279.5
"New Haven-Milford, CT","824,008","862,477",604.5,"1,363.1","1,426.7"
"New Orleans-Metairie-Kenner, LA","1,316,510","1,167,764","2,960.2",444.7,394.5
"New York-Northern New Jersey-Long Island, NY-NJ-PA","18,323,002","18,897,109","6,686.9","2,740.1","2,826.0"
"Niles-Benton Harbor, MI","162,453","156,813",567.7,286.1,276.2
"North Port-Bradenton-Sarasota, FL","589,959","702,281","1,298.8",454.2,540.7
"Norwich-New London, CT","259,088","274,055",664.9,389.7,412.2
"Ocala, FL","258,916","331,298","1,584.5",163.4,209.1
"Ocean City, NJ","102,326","97,265",251.4,407.0,386.9
"Odessa, TX","121,123","137,130",897.7,134.9,152.8
"Ogden-Clearfield, UT","442,656","547,184","1,484.1",298.3,368.7
"Oklahoma City, OK","1,095,421","1,252,987","5,511.6",198.7,227.3
"Olympia, WA","207,355","252,264",722.0,287.2,349.4
"Omaha-Council Bluffs, NE-IA","767,041","865,350","4,349.6",176.3,198.9
"Orlando-Kissimmee-Sanford, FL","1,644,561","2,134,411","3,478.5",472.8,613.6
"Oshkosh-Neenah, WI","156,763","166,994",434.5,360.8,384.3
"Owensboro, KY","109,875","114,752",898.5,122.3,127.7
"Oxnard-Thousand Oaks-Ventura, CA","753,197","823,318","1,843.1",408.7,446.7
"Palm Bay-Melbourne-Titusville, FL","476,230","543,376","1,015.7",468.9,535.0
"Palm Coast, FL","49,832","95,696",485.5,102.6,197.1
"Panama City-Lynn Haven-Panama City Beach, FL","148,217","168,852",758.5,195.4,222.6
"Parkersburg-Marietta-Vienna, WV-OH","164,624","162,056","1,360.8",121.0,119.1
"Pascagoula, MS","150,564","162,246","1,201.5",125.3,135.0
"Pensacola-Ferry Pass-Brent, FL","412,153","448,991","1,668.1",247.1,269.2
"Peoria, IL","366,899","379,186","2,470.9",148.5,153.5
"Philadelphia-Camden-Wilmington, PA-NJ-DE-MD","5,687,147","5,965,343","4,602.1","1,235.8","1,296.2"
"Phoenix-Mesa-Glendale, AZ","3,251,876","4,192,887","14,565.8",223.3,287.9
"Pine Bluff, AR","107,341","100,258","2,030.0",52.9,49.4
"Pittsburgh, PA","2,431,087","2,356,285","5,281.5",460.3,446.1
"Pittsfield, MA","134,953","131,219",926.8,145.6,141.6
"Pocatello, ID","83,103","90,656","2,516.2",33.0,36.0
"Portland-South Portland-Biddeford, ME","487,568","514,098","2,079.6",234.4,247.2
"Portland-Vancouver-Hillsboro, OR-WA","1,927,881","2,226,009","6,683.7",288.4,333.0
"Port St. Lucie, FL","319,426","424,107","1,115.4",286.4,380.2
"Poughkeepsie-Newburgh-Middletown, NY","621,517","670,301","1,607.3",386.7,417.0
"Prescott, AZ","167,517","211,033","8,123.5",20.6,26.0
"Providence-New Bedford-Fall River, RI-MA","1,582,997","1,600,852","1,586.9",997.5,"1,008.8"
"Provo-Orem, UT","376,774","526,810","5,395.7",69.8,97.6
"Pueblo, CO","141,472","159,063","2,386.1",59.3,66.7
"Punta Gorda, FL","141,627","159,978",680.3,208.2,235.2
"Racine, WI","188,831","195,408",332.5,567.9,587.7
"Raleigh-Cary, NC","797,071","1,130,490","2,118.2",376.3,533.7
"Rapid City, SD","112,818","126,382","6,247.5",18.1,20.2
"Reading, PA","373,638","411,442",856.5,436.2,480.4
"Redding, CA","163,256","177,223","3,775.4",43.2,46.9
"Reno-Sparks, NV","342,885","425,417","6,565.3",52.2,64.8
"Richmond, VA","1,096,957","1,258,251","5,685.0",193.0,221.3
"Riverside-San Bernardino-Ontario, CA","3,254,821","4,224,851","27,263.4",119.4,155.0
"Roanoke, VA","288,309","308,707","1,868.7",154.3,165.2
"Rochester, MN","163,618","186,011","1,615.6",101.3,115.1
"Rochester, NY","1,037,831","1,054,323","2,928.1",354.4,360.1
"Rockford, IL","320,204","349,431",794.1,403.2,440.0
"Rocky Mount, NC","143,026","152,392","1,045.7",136.8,145.7
"Rome, GA","90,565","96,317",509.9,177.6,188.9
"Sacramento--Arden-Arcade--Roseville, CA","1,796,857","2,149,127","5,094.2",352.7,421.9
"Saginaw-Saginaw Township North, MI","210,039","200,169",800.1,262.5,250.2
"St. Cloud, MN","167,392","189,093","1,751.4",95.6,108.0
"St. George, UT","90,354","138,115","2,426.4",37.2,56.9
"St. Joseph, MO-KS","122,336","127,329","1,655.5",73.9,76.9
"St. Louis, MO-IL","2,698,687","2,812,896","8,623.2",313.0,326.2
"Salem, OR","347,214","390,738","1,923.1",180.5,203.2
"Salinas, CA","401,762","415,057","3,280.6",122.5,126.5
"Salisbury, MD","109,391","125,203",694.2,157.6,180.4
"Salt Lake City, UT","968,858","1,124,197","9,555.3",101.4,117.7
"San Angelo, TX","105,781","111,823","2,573.5",41.1,43.5
"San Antonio-New Braunfels, TX","1,711,703","2,142,508","7,312.6",234.1,293.0
"San Diego-Carlsbad-San Marcos, CA","2,813,833","3,095,313","4,206.6",668.9,735.8
"Sandusky, OH","79,551","77,079",251.6,316.2,306.4
"San Francisco-Oakland-Fremont, CA","4,123,740","4,335,391","2,470.5","1,669.2","1,754.8"
"San Jose-Sunnyvale-Santa Clara, CA","1,735,819","1,836,911","2,678.8",648.0,685.7
"San Luis Obispo-Paso Robles, CA","246,681","269,637","3,298.6",74.8,81.7
"Santa Barbara-Santa Maria-Goleta, CA","399,347","423,895","2,735.1",146.0,155.0
"Santa Cruz-Watsonville, CA","255,602","262,382",445.2,574.2,589.4
"Santa Fe, NM","129,292","144,170","1,909.4",67.7,75.5
"Santa Rosa-Petaluma, CA","458,614","483,878","1,575.8",291.0,307.1
"Savannah, GA","293,000","347,611","1,340.1",218.6,259.4
"Scranton--Wilkes-Barre, PA","560,625","563,631","1,746.7",321.0,322.7
"Seattle-Tacoma-Bellevue, WA","3,043,878","3,439,809","5,872.3",518.3,585.8
"Sebastian-Vero Beach, FL","112,947","138,028",502.9,224.6,274.5
"Sheboygan, WI","112,646","115,507",511.3,220.3,225.9
"Sherman-Denison, TX","110,595","120,877",932.8,118.6,129.6
"Shreveport-Bossier City, LA","375,965","398,604","2,594.2",144.9,153.7
"Sioux City, IA-NE-SD","143,053","143,577","2,073.9",69.0,69.2
"Sioux Falls, SD","187,093","228,261","2,575.7",72.6,88.6
"South Bend-Mishawaka, IN-MI","316,663","319,224",947.9,334.1,336.8
"Spartanburg, SC","253,791","284,307",807.9,314.1,351.9
"Spokane, WA","417,939","471,221","1,763.8",237.0,267.2
"Springfield, IL","201,437","210,170","1,182.7",170.3,177.7
"Springfield, MA","680,014","692,942","1,843.7",368.8,375.8
"Springfield, MO","368,374","436,712","3,006.8",122.5,145.2
"Springfield, OH","144,742","138,333",397.5,364.2,348.0
"State College, PA","135,758","153,990","1,109.9",122.3,138.7
"Steubenville-Weirton, OH-WV","132,008","124,454",580.1,227.5,214.5
"Stockton, CA","563,598","685,306","1,391.3",405.1,492.6
"Sumter, SC","104,646","107,456",665.1,157.3,161.6
"Syracuse, NY","650,154","662,577","2,384.9",272.6,277.8
"Tallahassee, FL","320,304","367,413","2,387.7",134.1,153.9
"Tampa-St. Petersburg-Clearwater, FL","2,395,997","2,783,243","2,513.4",953.3,"1,107.3"
"Terre Haute, IN","170,943","172,425","1,464.9",116.7,117.7
"Texarkana, TX-Texarkana, AR","129,749","136,027","1,510.6",85.9,90.0
"Toledo, OH","659,188","651,429","1,618.4",407.3,402.5
"Topeka, KS","224,551","233,870","3,232.6",69.5,72.3
"Trenton-Ewing, NJ","350,761","366,513",224.6,"1,562.0","1,632.2"
"Tucson, AZ","843,746","980,263","9,187.0",91.8,106.7
"Tulsa, OK","859,532","937,478","6,269.2",137.1,149.5
"Tuscaloosa, AL","192,034","219,461","2,612.8",73.5,84.0
"Tyler, TX","174,706","209,714",921.5,189.6,227.6
"Utica-Rome, NY","299,896","299,397","2,623.9",114.3,114.1
"Valdosta, GA","119,560","139,588","1,589.3",75.2,87.8
"Vallejo-Fairfield, CA","394,542","413,344",821.8,480.1,503.0
"Victoria, TX","111,663","115,384","2,241.0",49.8,51.5
"Vineland-Millville-Bridgeton, NJ","146,438","156,898",483.7,302.7,324.4
"Virginia Beach-Norfolk-Newport News, VA-NC","1,576,370","1,671,683","2,629.6",599.5,635.7
"Visalia-Porterville, CA","368,021","442,179","4,824.2",76.3,91.7
"Waco, TX","213,517","234,906","1,037.1",205.9,226.5
"Warner Robins, GA","110,765","139,900",375.5,294.9,372.5
"Washington-Arlington-Alexandria, DC-VA-MD-WV","4,796,183","5,582,170","5,598.3",856.7,997.1
"Waterloo-Cedar Falls, IA","163,706","167,819","1,503.1",108.9,111.6
"Wausau, WI","125,834","134,063","1,545.0",81.4,86.8
"Wenatchee-East Wenatchee, WA","99,219","110,884","4,739.8",20.9,23.4
"Wheeling, WV-OH","153,172","147,950",943.4,162.4,156.8
"Wichita, KS","571,166","623,061","4,149.1",137.7,150.2
"Wichita Falls, TX","151,524","151,306","2,619.6",57.8,57.8
"Williamsport, PA","120,044","116,111","1,228.6",97.7,94.5
"Wilmington, NC","274,532","362,315","1,908.3",143.9,189.9
"Winchester, VA-WV","102,997","128,472","1,063.0",96.9,120.9
"Winston-Salem, NC","421,961","477,717","1,455.9",289.8,328.1
"Worcester, MA","750,963","798,552","1,510.8",497.1,528.6
"Yakima, WA","222,581","243,231","4,295.4",51.8,56.6
"York-Hanover, PA","381,751","434,972",904.2,422.2,481.1
"Youngstown-Warren-Boardman, OH-PA","602,964","565,773","1,702.5",354.2,332.3
"Yuba City, CA","139,149","166,892","1,234.2",112.7,135.2
"Yuma, AZ","160,026","195,751","5,514.0",29.0,35.5
,,,,,
In micropolitan statistical area,"29,220,400","30,943,552","736,936.3",39.7,42.0
"Abbeville, LA","53,807","57,999","1,173.2",45.9,49.4
"Aberdeen, SD","39,827","40,602","2,838.9",14.0,14.3
"Aberdeen, WA","67,194","72,797","1,902.0",35.3,38.3
"Ada, OK","35,143","37,492",720.4,48.8,52.0
"Adrian, MI","98,890","99,892",749.6,131.9,133.3
"Alamogordo, NM","62,298","63,797","6,613.2",9.4,9.6
"Albany-Lebanon, OR","103,069","116,672","2,290.1",45.0,50.9
"Albemarle, NC","58,100","60,585",395.1,147.1,153.3
"Albert Lea, MN","32,584","31,255",707.1,46.1,44.2
"Albertville, AL","82,231","93,019",565.8,145.3,164.4
"Alexander City, AL","53,677","53,155","1,367.4",39.3,38.9
"Alexandria, MN","32,821","36,009",637.3,51.5,56.5
"Alice, TX","39,326","40,838",865.0,45.5,47.2
"Allegan, MI","105,665","111,408",825.2,128.0,135.0
"Alma, MI","42,285","42,476",568.5,74.4,74.7
"Alpena, MI","31,314","29,598",571.9,54.8,51.8
"Altus, OK","28,439","26,446",802.7,35.4,32.9
"Americus, GA","36,966","37,829",649.6,56.9,58.2
"Amsterdam, NY","49,708","50,219",403.0,123.3,124.6
"Andrews, TX","13,004","14,786","1,500.7",8.7,9.9
"Angola, IN","33,214","34,185",308.9,107.5,110.7
"Arcadia, FL","32,209","34,862",637.1,50.6,54.7
"Ardmore, OK","54,452","56,980","1,336.2",40.8,42.6
"Arkadelphia, AR","23,546","22,995",866.1,27.2,26.6
"Ashland, OH","52,523","53,139",422.9,124.2,125.6
"Ashtabula, OH","102,728","101,497",701.9,146.4,144.6
"Astoria, OR","35,630","37,039",829.0,43.0,44.7
"Atchison, KS","16,774","16,924",431.2,38.9,39.3
"Athens, OH","62,223","64,757",503.6,123.6,128.6
"Athens, TN","49,015","52,266",430.1,114.0,121.5
"Athens, TX","73,277","78,532",873.7,83.9,89.9
"Auburn, IN","40,285","42,223",362.8,111.0,116.4
"Auburn, NY","81,963","80,026",691.6,118.5,115.7
"Augusta-Waterville, ME","117,114","122,151",867.5,135.0,140.8
"Austin, MN","38,603","39,163",711.3,54.3,55.1
"Bainbridge, GA","28,240","27,842",597.1,47.3,46.6
"Baraboo, WI","55,225","61,976",830.9,66.5,74.6
"Barre, VT","58,039","59,534",687.2,84.5,86.6
"Bartlesville, OK","48,996","50,976",415.5,117.9,122.7
"Bastrop, LA","31,021","27,979",794.9,39.0,35.2
"Batavia, NY","60,370","60,079",492.9,122.5,121.9
"Batesville, AR","34,233","36,647",764.0,44.8,48.0
"Bay City, TX","37,957","36,702","1,100.3",34.5,33.4
"Beatrice, NE","22,993","22,311",851.5,27.0,26.2
"Beaver Dam, WI","85,897","88,759",875.6,98.1,101.4
"Beckley, WV","79,220","78,859",605.4,130.9,130.3
"Bedford, IN","45,922","46,134",449.2,102.2,102.7
"Beeville, TX","32,359","31,861",880.2,36.8,36.2
"Bellefontaine, OH","46,005","45,858",458.4,100.4,100.0
"Bemidji, MN","39,650","44,442","2,504.9",15.8,17.7
"Bennettsville, SC","28,818","28,933",479.7,60.1,60.3
"Bennington, VT","36,994","37,125",675.0,54.8,55.0
"Berlin, NH-VT","39,570","39,361","2,458.3",16.1,16.0
"Big Rapids, MI","40,553","42,798",555.1,73.1,77.1
"Big Spring, TX","33,627","35,012",900.8,37.3,38.9
"Bishop, CA","17,945","18,546","10,180.9",1.8,1.8
"Blackfoot, ID","41,735","45,607","2,094.0",19.9,21.8
"Bloomsburg-Berwick, PA","82,387","85,562",613.4,134.3,139.5
"Bluefield, WV-VA","107,578","107,342",937.8,114.7,114.5
"Blytheville, AR","51,979","46,480",900.6,57.7,51.6
"Bogalusa, LA","43,926","47,168",669.5,65.6,70.4
"Bonham, TX","31,242","33,915",890.8,35.1,38.1
"Boone, IA","26,224","26,306",571.6,45.9,46.0
"Boone, NC","42,695","51,079",312.6,136.6,163.4
"Borger, TX","23,857","22,150",887.4,26.9,25.0
"Bozeman, MT","67,831","89,513","2,602.7",26.1,34.4
"Bradford, PA","45,936","43,450",979.2,46.9,44.4
"Brainerd, MN","82,249","91,067","3,020.6",27.2,30.1
"Branson, MO","68,361","83,877","1,096.5",62.3,76.5
"Brenham, TX","30,373","33,718",604.0,50.3,55.8
"Brevard, NC","29,334","33,090",378.5,77.5,87.4
"Brigham City, UT","42,745","49,975","5,745.6",7.4,8.7
"Brookhaven, MS","33,166","34,869",586.1,56.6,59.5
"Brookings, OR","21,137","22,364","1,627.5",13.0,13.7
"Brookings, SD","28,220","31,965",792.2,35.6,40.3
"Brownsville, TN","19,797","18,787",533.1,37.1,35.2
"Brownwood, TX","37,674","38,106",944.4,39.9,40.3
"Bucyrus, OH","46,966","43,784",401.8,116.9,109.0
"Burley, ID","41,590","43,021","3,322.7",12.5,12.9
"Burlington, IA-IL","50,564","47,656",795.0,63.6,59.9
"Butte-Silver Bow, MT","34,606","34,200",718.5,48.2,47.6
"Cadillac, MI","44,962","47,584","1,129.7",39.8,42.1
"Calhoun, GA","44,104","55,186",355.8,124.0,155.1
"Cambridge, MD","30,674","32,618",540.8,56.7,60.3
"Cambridge, OH","40,792","40,087",522.3,78.1,76.8
"Camden, AR","34,534","31,488","1,361.4",25.4,23.1
"Campbellsville, KY","22,927","24,512",266.3,86.1,92.0
"Cañon City, CO","46,145","46,824","1,533.1",30.1,30.5
"Canton, IL","38,250","37,069",865.6,44.2,42.8
"Carbondale, IL","59,612","60,218",584.1,102.1,103.1
"Carlsbad-Artesia, NM","51,658","53,829","4,175.7",12.4,12.9
"Cedar City, UT","33,779","46,163","3,296.7",10.2,14.0
"Cedartown, GA","38,127","41,475",310.3,122.9,133.6
"Celina, OH","40,924","40,814",462.4,88.5,88.3
"Central City, KY","31,839","31,499",467.1,68.2,67.4
"Centralia, IL","41,691","39,437",572.4,72.8,68.9
"Centralia, WA","68,600","75,455","2,402.8",28.5,31.4
"Chambersburg, PA","129,313","149,618",772.2,167.5,193.7
"Charleston-Mattoon, IL","64,449","64,921",854.3,75.4,76.0
"Chester, SC","34,068","33,140",580.7,58.7,57.1
"Chillicothe, OH","73,345","78,064",689.2,106.4,113.3
"Claremont, NH","40,458","43,742",537.3,75.3,81.4
"Clarksburg, WV","92,144","94,196",908.5,101.4,103.7
"Clarksdale, MS","30,622","26,151",552.4,55.4,47.3
"Clearlake, CA","58,309","64,665","1,256.5",46.4,51.5
"Cleveland, MS","40,633","34,145",876.6,46.4,39.0
"Clewiston, FL","36,210","39,140","1,152.8",31.4,34.0
"Clinton, IA","50,149","49,116",694.9,72.2,70.7
"Clovis, NM","45,044","48,376","1,404.8",32.1,34.4
"Coffeyville, KS","36,252","35,471",643.5,56.3,55.1
"Coldwater, MI","45,787","45,248",506.4,90.4,89.4
"Columbia, TN","69,498","80,956",613.1,113.3,132.0
"Columbus, MS","61,586","59,779",505.5,121.8,118.3
"Columbus, NE","31,662","32,237",674.1,47.0,47.8
"Concord, NH","136,225","146,445",934.1,145.8,156.8
"Connersville, IN","25,588","24,277",215.0,119.0,112.9
"Cookeville, TN","93,417","106,042","1,142.9",81.7,92.8
"Coos Bay, OR","62,779","63,043","1,596.2",39.3,39.5
"Corbin, KY","35,865","35,637",437.8,81.9,81.4
"Cordele, GA","21,996","23,439",272.6,80.7,86.0
"Corinth, MS","34,558","37,057",400.0,86.4,92.6
"Cornelia, GA","35,902","43,041",276.7,129.7,155.5
"Corning, NY","98,726","98,990","1,390.6",71.0,71.2
"Corsicana, TX","45,124","47,735","1,009.6",44.7,47.3
"Cortland, NY","48,599","49,336",498.8,97.4,98.9
"Coshocton, OH","36,655","36,901",563.9,65.0,65.4
"Crawfordsville, IN","37,629","38,124",504.6,74.6,75.6
"Crescent City, CA","27,507","28,610","1,006.4",27.3,28.4
"Crossville, TN","46,802","56,053",681.0,68.7,82.3
"Crowley, LA","58,861","61,773",655.1,89.8,94.3
"Cullman, AL","77,483","80,406",734.8,105.4,109.4
"Culpeper, VA","34,262","46,689",379.2,90.3,123.1
"Danville, KY","51,058","53,174",514.3,99.3,103.4
"Daphne-Fairhope-Foley, AL","140,415","182,265","1,589.8",88.3,114.6
"Decatur, IN","33,625","34,387",339.0,99.2,101.4
"Defiance, OH","39,500","39,037",411.5,96.0,94.9
"Del Rio, TX","44,856","48,879","3,144.7",14.3,15.5
"Deming, NM","25,016","25,095","2,965.2",8.4,8.5
"DeRidder, LA","32,986","35,654","1,157.3",28.5,30.8
"Dickinson, ND","23,524","24,982","2,483.6",9.5,10.1
"Dillon, SC","30,722","32,062",404.9,75.9,79.2
"Dixon, IL","36,062","36,031",724.9,49.7,49.7
"Dodge City, KS","32,458","33,848","1,098.3",29.6,30.8
"Douglas, GA","45,022","50,731",914.5,49.2,55.5
"Dublin, GA","53,434","58,414","1,110.3",48.1,52.6
"DuBois, PA","83,382","81,642","1,144.7",72.8,71.3
"Dumas, TX","20,121","21,904",899.7,22.4,24.3
"Duncan, OK","43,182","45,048",870.2,49.6,51.8
"Dunn, NC","91,025","114,678",595.0,153.0,192.7
"Durango, CO","43,941","51,334","1,692.1",26.0,30.3
"Durant, OK","36,534","42,416",904.5,40.4,46.9
"Dyersburg, TN","37,279","38,335",512.3,72.8,74.8
"Eagle Pass, TX","47,297","54,258","1,279.3",37.0,42.4
"East Liverpool-Salem, OH","112,075","107,841",531.9,210.7,202.7
"Easton, MD","33,812","37,782",268.5,125.9,140.7
"East Stroudsburg, PA","138,687","169,842",608.3,228.0,279.2
"Edwards, CO","49,471","59,507","2,061.4",24.0,28.9
"Effingham, IL","34,264","34,242",478.8,71.6,71.5
"El Campo, TX","41,188","41,280","1,086.1",37.9,38.0
"El Dorado, AR","45,629","41,639","1,039.2",43.9,40.1
"Elizabeth City, NC","53,150","64,094",714.5,74.4,89.7
"Elk City, OK","19,799","22,119",901.8,22.0,24.5
"Elko, NV","46,942","50,805","21,345.5",2.2,2.4
"Ellensburg, WA","33,362","40,915","2,297.3",14.5,17.8
"Emporia, KS","38,965","36,480","1,620.5",24.0,22.5
"Enid, OK","57,813","60,580","1,058.5",54.6,57.2
"Enterprise-Ozark, AL","92,744","100,199","1,240.1",74.8,80.8
"Escanaba, MI","38,520","37,069","1,171.1",32.9,31.7
"Espanola, NM","41,190","40,246","5,860.8",7.0,6.9
"Eufaula, AL-GA","31,636","29,970","1,036.1",30.5,28.9
"Eureka-Arcata-Fortuna, CA","126,518","134,623","3,568.0",35.5,37.7
"Evanston, WY","19,742","21,118","2,081.3",9.5,10.1
"Fairmont, MN","21,802","20,840",712.3,30.6,29.3
"Fairmont, WV","56,598","56,418",308.7,183.3,182.7
"Fallon, NV","23,982","24,877","4,930.5",4.9,5.0
"Faribault-Northfield, MN","56,665","64,142",495.7,114.3,129.4
"Farmington, MO","55,641","65,359",451.9,123.1,144.6
"Fergus Falls, MN","57,159","57,303","1,972.1",29.0,29.1
"Fernley, NV","34,501","51,980","2,001.2",17.2,26.0
"Findlay, OH","71,295","74,782",531.4,134.2,140.7
"Fitzgerald, GA","27,415","27,172",604.5,45.4,45.0
"Forest City, NC","62,899","67,810",564.2,111.5,120.2
"Forrest City, AR","29,329","28,258",634.8,46.2,44.5
"Fort Dodge, IA","40,235","38,013",715.6,56.2,53.1
"Fort Leonard Wood, MO","41,165","52,274",547.1,75.2,95.5
"Fort Madison-Keokuk, IA-MO","45,468","43,001","1,022.2",44.5,42.1
"Fort Morgan, CO","27,171","28,159","1,280.4",21.2,22.0
"Fort Payne, AL","64,452","71,109",777.1,82.9,91.5
"Fort Polk South, LA","52,531","52,334","1,327.9",39.6,39.4
"Fort Valley, GA","23,668","27,695",150.3,157.5,184.3
"Frankfort, IN","33,866","33,224",405.1,83.6,82.0
"Frankfort, KY","66,798","70,706",409.6,163.1,172.6
"Fredericksburg, TX","20,814","24,837","1,058.2",19.7,23.5
"Freeport, IL","48,979","47,711",564.5,86.8,84.5
"Fremont, NE","36,160","36,691",528.7,68.4,69.4
"Fremont, OH","61,792","60,944",408.5,151.3,149.2
"Gaffney, SC","52,537","55,342",392.7,133.8,140.9
"Gainesville, TX","36,363","38,437",874.8,41.6,43.9
"Galesburg, IL","74,571","70,626","1,258.8",59.2,56.1
"Gallup, NM","74,798","71,492","5,449.8",13.7,13.1
"Garden City, KS","40,523","36,776","1,302.0",31.1,28.2
"Gardnerville Ranchos, NV","41,259","46,997",709.7,58.1,66.2
"Georgetown, SC","55,797","60,158",813.5,68.6,73.9
"Gettysburg, PA","91,292","101,407",518.7,176.0,195.5
"Gillette, WY","33,698","46,133","4,802.7",7.0,9.6
"Glasgow, KY","48,070","52,272",777.2,61.9,67.3
"Gloversville, NY","55,073","55,531",495.5,111.2,112.1
"Granbury, TX","47,909","59,672",607.1,78.9,98.3
"Grand Island, NE","68,305","72,726","1,600.5",42.7,45.4
"Grants, NM","25,595","27,213","4,539.5",5.6,6.0
"Grants Pass, OR","75,726","82,713","1,639.7",46.2,50.4
"Great Bend, KS","28,205","27,674",895.4,31.5,30.9
"Greeneville, TN","62,909","68,831",622.2,101.1,110.6
"Greensburg, IN","24,555","25,740",372.6,65.9,69.1
"Greenville, MS","62,977","51,137",724.7,86.9,70.6
"Greenville, OH","53,309","52,959",598.1,89.1,88.5
"Greenwood, MS","48,716","42,914","1,220.8",39.9,35.2
"Greenwood, SC","66,271","69,661",454.7,145.7,153.2
"Grenada, MS","23,263","21,906",422.1,55.1,51.9
"Guymon, OK","20,107","20,640","2,041.3",9.9,10.1
"Hammond, LA","100,588","121,097",791.3,127.1,153.0
"Hannibal, MO","37,915","38,948",906.7,41.8,43.0
"Harriman, TN","51,910","54,181",360.7,143.9,150.2
"Harrisburg, IL","26,733","24,913",379.8,70.4,65.6
"Harrison, AR","42,556","45,233","1,411.1",30.2,32.1
"Hastings, NE","38,190","37,906","1,135.6",33.6,33.4
"Havre, MT","16,673","16,096","2,899.0",5.8,5.6
"Hays, KS","27,507","28,452",899.9,30.6,31.6
"Heber, UT","15,215","23,530","1,175.5",12.9,20.0
"Helena, MT","65,765","74,801","5,115.1",12.9,14.6
"Helena-West Helena, AR","26,445","21,757",695.7,38.0,31.3
"Henderson, NC","42,954","45,422",253.5,169.4,179.2
"Hereford, TX","18,561","19,372","1,496.9",12.4,12.9
"Hilo, HI","148,677","185,079","4,028.4",36.9,45.9
"Hilton Head Island-Beaufort, SC","141,615","187,010","1,231.6",115.0,151.8
"Hobbs, NM","55,511","64,727","4,390.9",12.6,14.7
"Homosassa Springs, FL","118,085","141,236",581.7,203.0,242.8
"Hood River, OR","20,411","22,346",521.9,39.1,42.8
"Hope, AR","33,542","31,606","1,345.4",24.9,23.5
"Houghton, MI","38,317","38,784","1,549.2",24.7,25.0
"Hudson, NY","63,094","63,096",634.7,99.4,99.4
"Humboldt, TN","48,152","49,683",602.7,79.9,82.4
"Huntingdon, PA","45,586","45,913",874.6,52.1,52.5
"Huntington, IN","38,075","37,124",382.7,99.5,97.0
"Huntsville, TX","61,758","67,861",784.2,78.8,86.5
"Huron, SD","17,023","17,398","1,258.7",13.5,13.8
"Hutchinson, KS","64,790","64,511","1,255.3",51.6,51.4
"Hutchinson, MN","34,898","36,651",491.5,71.0,74.6
"Indiana, PA","89,605","88,880",827.0,108.3,107.5
"Indianola, MS","34,369","29,450",697.8,49.3,42.2
"Iron Mountain, MI-WI","32,560","30,591","1,249.6",26.1,24.5
"Jackson, WY-ID","24,250","31,464","4,444.8",5.5,7.1
"Jacksonville, IL","42,153","40,902",819.7,51.4,49.9
"Jacksonville, TX","46,659","50,845","1,052.9",44.3,48.3
"Jamestown, ND","21,908","21,100","2,221.7",9.9,9.5
"Jamestown-Dunkirk-Fredonia, NY","139,750","134,905","1,060.2",131.8,127.2
"Jasper, IN","52,511","54,734",761.5,69.0,71.9
"Jennings, LA","31,435","31,594",651.3,48.3,48.5
"Jesup, GA","26,565","30,099",641.8,41.4,46.9
"Juneau, AK","30,711","31,275","2,701.9",11.4,11.6
"Kahului-Wailuku, HI","128,094","154,834","1,161.5",110.3,133.3
"Kalispell, MT","74,471","90,928","5,087.7",14.6,17.9
"Kapaa, HI","58,463","67,091",620.0,94.3,108.2
"Kearney, NE","49,141","52,591","1,484.4",33.1,35.4
"Keene, NH","73,825","77,117",706.7,104.5,109.1
"Kendallville, IN","46,275","47,536",410.8,112.6,115.7
"Kennett, MO","33,155","31,953",541.1,61.3,59.1
"Kerrville, TX","43,653","49,625","1,103.3",39.6,45.0
"Ketchikan, AK","14,070","13,477","4,858.4",2.9,2.8
"Key West, FL","79,589","73,090",983.3,80.9,74.3
"Kill Devil Hills, NC","29,967","33,920",383.4,78.2,88.5
"Kingsville, TX","31,963","32,477","2,339.6",13.7,13.9
"Kinston, NC","59,648","59,495",400.6,148.9,148.5
"Kirksville, MO","29,147","30,038",874.6,33.3,34.3
"Klamath Falls, OR","63,775","66,380","5,941.1",10.7,11.2
"Kodiak, AK","13,913","13,592","6,549.6",2.1,2.1
"Laconia, NH","56,325","60,088",400.2,140.7,150.1
"La Follette, TN","39,854","40,716",480.2,83.0,84.8
"La Grande, OR","24,530","25,748","2,036.6",12.0,12.6
"LaGrange, GA","58,779","67,044",414.0,142.0,161.9
"Lake City, FL","56,513","67,531",797.6,70.9,84.7
"Lamesa, TX","14,985","13,833",900.3,16.6,15.4
"Lancaster, SC","61,351","76,652",549.2,111.7,139.6
"Laramie, WY","32,014","36,299","4,273.8",7.5,8.5
"Las Vegas, NM","30,126","29,393","4,715.8",6.4,6.2
"Laurel, MS","83,107","84,823","1,371.0",60.6,61.9
"Laurinburg, NC","35,998","36,157",318.8,112.9,113.4
"Lawrenceburg, TN","39,926","41,869",617.1,64.7,67.8
"Lebanon, MO","32,513","35,571",764.7,42.5,46.5
"Lebanon, NH-VT","167,387","174,724","3,365.1",49.7,51.9
"Levelland, TX","22,716","22,935",908.4,25.0,25.2
"Lewisburg, PA","41,624","44,947",316.0,131.7,142.2
"Lewisburg, TN","26,767","30,617",375.5,71.3,81.5
"Lewistown, PA","46,486","46,682",411.0,113.1,113.6
"Lexington, NE","26,508","26,370","1,471.3",18.0,17.9
"Lexington Park, MD","86,211","105,151",357.2,241.4,294.4
"Liberal, KS","22,510","22,952",639.5,35.2,35.9
"Lincoln, IL","31,183","30,305",618.1,50.5,49.0
"Lincolnton, NC","63,780","78,265",297.9,214.1,262.7
"Lock Haven, PA","37,914","39,238",888.0,42.7,44.2
"Logansport, IN","40,930","38,966",412.2,99.3,94.5
"London, KY","52,715","58,849",434.0,121.5,135.6
"Los Alamos, NM","18,343","17,950",109.2,168.0,164.4
"Lufkin, TX","80,130","86,771",797.8,100.4,108.8
"Lumberton, NC","123,339","134,168",949.2,129.9,141.3
"Macomb, IL","32,913","32,612",589.4,55.8,55.3
"Madison, IN","31,705","32,428",360.6,87.9,89.9
"Madisonville, KY","46,519","46,920",542.0,85.8,86.6
"Magnolia, AR","25,603","24,552",766.1,33.4,32.1
"Malone, NY","51,134","51,599","1,629.1",31.4,31.7
"Manitowoc, WI","82,887","81,442",589.1,140.7,138.3
"Marble Falls, TX","34,147","42,750",994.3,34.3,43.0
"Marinette, WI-MI","68,710","65,778","2,443.4",28.1,26.9
"Marion, IN","73,403","70,061",414.1,177.3,169.2
"Marion, OH","66,217","66,501",403.8,164.0,164.7
"Marion-Herrin, IL","61,296","66,357",420.1,145.9,157.9
"Marquette, MI","64,634","67,077","1,808.4",35.7,37.1
"Marshall, MN","25,425","25,857",714.6,35.6,36.2
"Marshall, MO","23,756","23,370",755.5,31.4,30.9
"Marshall, TX","62,110","65,631",900.0,69.0,72.9
"Marshalltown, IA","39,311","40,648",572.5,68.7,71.0
"Marshfield-Wisconsin Rapids, WI","75,555","74,749",793.1,95.3,94.2
"Martin, TN","34,895","35,021",580.4,60.1,60.3
"Martinsville, VA","73,346","67,972",393.3,186.5,172.8
"Maryville, MO","21,912","23,370",877.0,25.0,26.6
"Mason City, IA","54,356","51,749",968.4,56.1,53.4
"Mayfield, KY","37,028","37,121",551.7,67.1,67.3
"Maysville, KY","30,892","31,360",723.0,42.7,43.4
"McAlester, OK","43,953","45,837","1,305.5",33.7,35.1
"McComb, MS","52,539","53,535","1,139.1",46.1,47.0
"McMinnville, TN","38,276","39,839",432.7,88.5,92.1
"McPherson, KS","29,554","29,180",898.3,32.9,32.5
"Meadville, PA","90,366","88,765","1,012.3",89.3,87.7
"Menomonie, WI","39,858","43,857",850.1,46.9,51.6
"Meridian, MS","106,569","107,449","2,161.4",49.3,49.7
"Merrill, WI","29,641","28,743",879.0,33.7,32.7
"Mexico, MO","25,853","25,529",692.2,37.3,36.9
"Miami, OK","33,194","31,848",470.8,70.5,67.6
"Middlesborough, KY","30,060","28,691",359.0,83.7,79.9
"Midland, MI","82,874","83,629",516.3,160.5,162.0
"Milledgeville, GA","54,776","55,149",729.7,75.1,75.6
"Minden, LA","41,831","41,207",593.0,70.5,69.5
"Mineral Wells, TX","27,026","28,111",951.8,28.4,29.5
"Minot, ND","67,392","69,540","4,764.3",14.1,14.6
"Mitchell, SD","21,880","22,835",870.1,25.1,26.2
"Moberly, MO","24,663","25,414",482.7,51.1,52.7
"Monroe, WI","33,647","36,842",584.0,57.6,63.1
"Montrose, CO","33,432","41,276","2,240.7",14.9,18.4
"Morehead City, NC","59,383","66,469",506.3,117.3,131.3
"Morgan City, LA","53,500","54,650",555.4,96.3,98.4
"Moscow, ID","34,935","37,244","1,076.0",32.5,34.6
"Moses Lake, WA","74,698","89,120","2,679.5",27.9,33.3
"Moultrie, GA","42,053","45,498",544.2,77.3,83.6
"Mountain Home, AR","38,386","41,513",554.3,69.3,74.9
"Mountain Home, ID","29,130","27,038","3,074.7",9.5,8.8
"Mount Airy, NC","71,219","73,673",532.2,133.8,138.4
"Mount Pleasant, MI","63,351","70,311",572.7,110.6,122.8
"Mount Pleasant, TX","28,118","32,334",406.1,69.2,79.6
"Mount Sterling, KY","40,195","44,396",679.7,59.1,65.3
"Mount Vernon, IL","48,666","47,284","1,005.8",48.4,47.0
"Mount Vernon, OH","54,500","60,921",525.5,103.7,115.9
"Murray, KY","34,177","37,191",385.0,88.8,96.6
"Muscatine, IA","53,905","54,132",839.2,64.2,64.5
"Muskogee, OK","69,451","70,990",810.5,85.7,87.6
"Nacogdoches, TX","59,203","64,524",946.5,62.5,68.2
"Natchez, MS-LA","54,587","53,119","1,159.3",47.1,45.8
"Natchitoches, LA","39,080","39,566","1,252.2",31.2,31.6
"New Bern, NC","114,751","126,802","1,516.2",75.7,83.6
"Newberry, SC","36,108","37,508",630.0,57.3,59.5
"New Castle, IN","48,508","49,462",391.9,123.8,126.2
"New Castle, PA","94,643","91,108",358.2,264.2,254.4
"New Iberia, LA","73,266","73,240",574.1,127.6,127.6
"New Philadelphia-Dover, OH","90,914","92,582",567.6,160.2,163.1
"Newport, TN","33,565","35,662",434.6,77.2,82.1
"Newton, IA","37,213","36,842",730.4,50.9,50.4
"New Ulm, MN","26,911","25,893",611.1,44.0,42.4
"Nogales, AZ","38,381","47,420","1,236.9",31.0,38.3
"Norfolk, NE","49,538","48,271","1,573.9",31.5,30.7
"North Platte, NE","35,939","37,590","3,993.7",9.0,9.4
"North Vernon, IN","27,554","28,525",376.6,73.2,75.7
"North Wilkesboro, NC","65,632","69,340",754.3,87.0,91.9
"Norwalk, OH","59,487","59,626",491.5,121.0,121.3
"Oak Harbor, WA","71,558","78,506",208.4,343.3,376.6
"Oak Hill, WV","47,579","46,039",661.5,71.9,69.6
"Ocean Pines, MD","46,543","51,454",468.3,99.4,109.9
"Ogdensburg-Massena, NY","111,931","111,944","2,680.4",41.8,41.8
"Oil City, PA","57,565","54,984",674.3,85.4,81.5
"Okeechobee, FL","35,910","39,996",768.9,46.7,52.0
"Olean, NY","83,955","80,317","1,308.4",64.2,61.4
"Oneonta, NY","61,676","62,259","1,001.7",61.6,62.2
"Ontario, OR-ID","52,193","53,936","10,294.4",5.1,5.2
"Opelousas-Eunice, LA","87,700","83,384",923.9,94.9,90.3
"Orangeburg, SC","91,582","92,501","1,106.1",82.8,83.6
"Oskaloosa, IA","22,335","22,381",570.9,39.1,39.2
"Ottawa-Streator, IL","153,098","154,908","2,164.3",70.7,71.6
"Ottumwa, IA","36,051","35,625",431.8,83.5,82.5
"Owatonna, MN","33,680","36,576",429.6,78.4,85.1
"Owosso, MI","71,687","70,648",530.7,135.1,133.1
"Oxford, MS","38,744","47,351",631.7,61.3,75.0
"Paducah, KY-IL","98,765","98,762","1,045.7",94.4,94.4
"Pahrump, NV","32,485","43,946","18,181.9",1.8,2.4
"Palatka, FL","70,423","74,364",727.6,96.8,102.2
"Palestine, TX","55,109","58,458","1,062.6",51.9,55.0
"Pampa, TX","23,631","23,464","1,850.0",12.8,12.7
"Paragould, AR","37,331","42,090",577.7,64.6,72.9
"Paris, TN","31,115","32,330",562.1,55.4,57.5
"Paris, TX","48,499","49,793",907.2,53.5,54.9
"Parsons, KS","22,835","21,607",645.3,35.4,33.5
"Payson, AZ","51,335","53,597","4,757.9",10.8,11.3
"Pecos, TX","13,137","13,783","2,635.4",5.0,5.2
"Pella, IA","32,052","33,309",554.5,57.8,60.1
"Pendleton-Hermiston, OR","81,543","87,062","5,247.1",15.5,16.6
"Peru, IN","36,082","36,903",373.8,96.5,98.7
"Phoenix Lake-Cedar Ridge, CA","54,501","55,365","2,220.9",24.5,24.9
"Picayune, MS","48,621","55,834",810.9,60.0,68.9
"Pierre, SD","19,253","19,988","2,186.0",8.8,9.1
"Pierre Part, LA","23,388","23,421",338.7,69.1,69.2
"Pittsburg, KS","38,242","39,134",589.8,64.8,66.4
"Plainview, TX","36,602","36,273","1,004.7",36.4,36.1
"Platteville, WI","49,597","51,208","1,146.8",43.2,44.7
"Plattsburgh, NY","79,894","82,128","1,037.9",77.0,79.1
"Plymouth, IN","45,128","47,051",443.6,101.7,106.1
"Point Pleasant, WV-OH","57,026","58,258",897.3,63.6,64.9
"Ponca City, OK","48,080","46,562",919.7,52.3,50.6
"Pontiac, IL","39,678","38,950","1,044.3",38.0,37.3
"Poplar Bluff, MO","40,867","42,794",694.7,58.8,61.6
"Portales, NM","18,018","19,846","2,447.4",7.4,8.1
"Port Angeles, WA","64,525","71,404","1,738.3",37.1,41.1
"Portsmouth, OH","79,195","79,499",610.2,129.8,130.3
"Pottsville, PA","150,336","148,289",778.6,193.1,190.4
"Price, UT","20,422","21,403","1,478.5",13.8,14.5
"Prineville, OR","19,182","20,978","2,979.1",6.4,7.0
"Pullman, WA","40,740","44,776","2,159.1",18.9,20.7
"Quincy, IL-MO","78,771","77,314","1,360.2",57.9,56.8
"Raymondville, TX","20,082","22,134",590.6,34.0,37.5
"Red Bluff, CA","56,039","63,463","2,949.7",19.0,21.5
"Red Wing, MN","44,127","46,183",756.8,58.3,61.0
"Rexburg, ID","39,286","50,778","2,332.7",16.8,21.8
"Richmond, IN","71,097","68,917",401.7,177.0,171.5
"Richmond-Berea, KY","87,454","99,972",753.8,116.0,132.6
"Rio Grande City-Roma, TX","53,597","60,968","1,223.2",43.8,49.8
"Riverton, WY","35,804","40,123","9,183.8",3.9,4.4
"Roanoke Rapids, NC","79,456","76,790","1,260.7",63.0,60.9
"Rochelle, IL","51,032","53,497",758.6,67.3,70.5
"Rockingham, NC","46,564","46,639",473.8,98.3,98.4
"Rockland, ME","39,618","39,736",365.1,108.5,108.8
"Rock Springs, WY","37,613","43,806","10,426.6",3.6,4.2
"Rolla, MO","39,825","45,156",671.8,59.3,67.2
"Roseburg, OR","100,399","107,667","5,036.1",19.9,21.4
"Roswell, NM","61,382","65,645","6,065.3",10.1,10.8
"Ruidoso, NM","19,411","20,497","4,831.1",4.0,4.2
"Russellville, AR","75,608","83,939","1,742.5",43.4,48.2
"Ruston, LA","57,906","63,009","1,040.9",55.6,60.5
"Rutland, VT","63,400","61,642",929.8,68.2,66.3
"Safford, AZ","42,036","45,657","6,465.7",6.5,7.1
"St. Marys, GA","43,664","50,513",613.0,71.2,82.4
"St. Marys, PA","35,112","31,946",827.4,42.4,38.6
"Salina, KS","59,760","61,697","1,441.0",41.5,42.8
"Salisbury, NC","130,340","138,428",511.4,254.9,270.7
"Sanford, NC","49,040","57,866",255.0,192.3,227.0
"Sault Ste. Marie, MI","38,543","38,520","1,558.4",24.7,24.7
"Sayre, PA","62,761","62,622","1,147.4",54.7,54.6
"Scottsbluff, NE","37,770","37,660","1,485.5",25.4,25.4
"Scottsboro, AL","53,926","53,227","1,077.9",50.0,49.4
"Scottsburg, IN","22,960","24,181",190.4,120.6,127.0
"Seaford, DE","156,638","197,145",936.1,167.3,210.6
"Searcy, AR","67,165","77,076","1,035.1",64.9,74.5
"Sebring, FL","87,366","98,786","1,016.6",85.9,97.2
"Sedalia, MO","39,403","42,201",682.2,57.8,61.9
"Selinsgrove, PA","37,546","39,702",328.7,114.2,120.8
"Selma, AL","46,365","43,820",978.7,47.4,44.8
"Seneca, SC","66,215","74,273",626.3,105.7,118.6
"Seneca Falls, NY","33,342","35,251",323.7,103.0,108.9
"Sevierville, TN","71,170","89,889",592.5,120.1,151.7
"Seymour, IN","41,335","42,376",509.3,81.2,83.2
"Shawnee, OK","65,521","69,442",787.7,83.2,88.2
"Shelby, NC","96,287","98,078",464.3,207.4,211.3
"Shelbyville, TN","37,586","45,058",473.6,79.4,95.1
"Shelton, WA","49,405","60,699",959.4,51.5,63.3
"Sheridan, WY","26,560","29,116","2,524.0",10.5,11.5
"Show Low, AZ","97,470","107,449","9,950.4",9.8,10.8
"Sidney, OH","47,910","49,423",407.7,117.5,121.2
"Sierra Vista-Douglas, AZ","117,755","131,346","6,165.7",19.1,21.3
"Sikeston, MO","40,422","39,191",420.0,96.2,93.3
"Silver City, NM","31,002","29,514","3,961.6",7.8,7.4
"Silverthorne, CO","23,548","27,994",608.4,38.7,46.0
"Snyder, TX","16,361","16,921",905.4,18.1,18.7
"Somerset, KY","56,217","63,063",658.4,85.4,95.8
"Somerset, PA","80,023","77,742","1,074.4",74.5,72.4
"Southern Pines-Pinehurst, NC","74,769","88,247",697.8,107.1,126.5
"Spearfish, SD","21,802","24,097",800.0,27.3,30.1
"Spencer, IA","17,372","16,667",567.2,30.6,29.4
"Spirit Lake, IA","16,424","16,667",380.6,43.2,43.8
"Starkville, MS","42,902","47,671",458.2,93.6,104.0
"Statesboro, GA","55,983","70,217",672.8,83.2,104.4
"Statesville-Mooresville, NC","122,660","159,437",573.8,213.8,277.8
"Staunton-Waynesboro, VA","108,988","118,502","1,002.0",108.8,118.3
"Stephenville, TX","33,001","37,890","1,083.1",30.5,35.0
"Sterling, CO","20,504","22,709","1,838.5",11.2,12.4
"Sterling, IL","60,653","58,498",684.2,88.6,85.5
"Stevens Point, WI","67,182","70,019",800.7,83.9,87.4
"Stillwater, OK","68,190","77,350",684.7,99.6,113.0
"Storm Lake, IA","20,411","20,260",574.9,35.5,35.2
"Sturgis, MI","62,422","61,295",500.6,124.7,122.4
"Sulphur Springs, TX","31,960","35,161",767.2,41.7,45.8
"Summerville, GA","25,470","26,015",313.3,81.3,83.0
"Sunbury, PA","94,556","94,528",458.4,206.3,206.2
"Susanville, CA","33,828","34,895","4,541.2",7.4,7.7
"Sweetwater, TX","15,802","15,216",912.0,17.3,16.7
"Tahlequah, OK","42,521","46,987",749.4,56.7,62.7
"Talladega-Sylacauga, AL","80,321","82,291",736.8,109.0,111.7
"Tallulah, LA","13,728","12,093",624.4,22.0,19.4
"Taos, NM","29,979","32,937","2,203.1",13.6,15.0
"Taylorville, IL","35,372","34,800",709.4,49.9,49.1
"The Dalles, OR","23,791","25,213","2,381.5",10.0,10.6
"The Villages, FL","53,345","93,420",546.9,97.5,170.8
"Thomaston, GA","27,597","27,153",323.4,85.3,84.0
"Thomasville, GA","42,737","44,720",544.6,78.5,82.1
"Thomasville-Lexington, NC","147,246","162,878",552.7,266.4,294.7
"Tiffin, OH","58,683","56,745",551.0,106.5,103.0
"Tifton, GA","38,407","40,118",258.9,148.3,154.9
"Toccoa, GA","25,435","26,175",179.1,142.0,146.1
"Torrington, CT","182,193","189,927",920.6,197.9,206.3
"Traverse City, MI","131,342","143,372","1,691.1",77.7,84.8
"Troy, AL","29,605","32,899",672.1,44.0,48.9
"Truckee-Grass Valley, CA","92,033","98,764",957.8,96.1,103.1
"Tullahoma, TN","93,024","100,210","1,112.7",83.6,90.1
"Tupelo, MS","125,251","136,268","1,480.4",84.6,92.0
"Tuskegee, AL","24,105","21,452",608.9,39.6,35.2
"Twin Falls, ID","82,626","99,604","2,518.4",32.8,39.6
"Ukiah, CA","86,265","87,841","3,506.3",24.6,25.1
"Union, SC","29,881","28,961",514.2,58.1,56.3
"Union City, TN-KY","40,202","38,620",750.2,53.6,51.5
"Urbana, OH","38,890","40,097",428.7,90.7,93.5
"Uvalde, TX","25,926","26,405","1,551.9",16.7,17.0
"Valley, AL","36,583","34,215",596.5,61.3,57.4
"Van Wert, OH","29,659","28,744",409.2,72.5,70.3
"Vermillion, SD","13,537","13,864",412.2,32.8,33.6
"Vernal, UT","25,224","32,588","4,479.7",5.6,7.3
"Vernon, TX","14,676","13,535",970.8,15.1,13.9
"Vicksburg, MS","49,644","48,773",588.5,84.4,82.9
"Vidalia, GA","34,337","36,346",603.5,56.9,60.2
"Vincennes, IN","39,256","38,440",516.0,76.1,74.5
"Wabash, IN","34,960","32,888",412.4,84.8,79.7
"Wahpeton, ND-MN","25,136","22,897","2,186.7",11.5,10.5
"Walla Walla, WA","55,180","58,781","1,270.1",43.4,46.3
"Walterboro, SC","38,264","38,892","1,056.5",36.2,36.8
"Wapakoneta, OH","46,611","45,949",401.4,116.1,114.5
"Warren, PA","43,863","41,815",884.1,49.6,47.3
"Warrensburg, MO","48,258","52,595",829.3,58.2,63.4
"Warsaw, IN","74,057","77,358",531.4,139.4,145.6
"Washington, IN","29,820","31,648",429.5,69.4,73.7
"Washington, NC","44,958","47,759",827.2,54.4,57.7
"Washington Court House, OH","28,433","29,030",406.4,70.0,71.4
"Watertown, SD","31,437","33,130","1,195.7",26.3,27.7
"Watertown-Fort Atkinson, WI","74,021","83,686",556.5,133.0,150.4
"Watertown-Fort Drum, NY","111,738","116,229","1,268.6",88.1,91.6
"Wauchula, FL","26,938","27,731",637.8,42.2,43.5
"Waycross, GA","51,119","55,070","1,209.0",42.3,45.6
"Weatherford, OK","26,142","27,469",988.8,26.4,27.8
"West Plains, MO","37,238","40,400",927.2,40.2,43.6
"West Point, MS","21,979","20,634",410.1,53.6,50.3
"Whitewater, WI","93,759","102,228",555.1,168.9,184.2
"Willimantic, CT","109,091","118,428",512.9,212.7,230.9
"Williston, ND","19,761","22,398","2,077.4",9.5,10.8
"Willmar, MN","41,203","42,239",796.8,51.7,53.0
"Wilmington, OH","40,543","42,040",408.7,99.2,102.9
"Wilson, NC","73,814","81,234",368.2,200.5,220.6
"Winfield, KS","36,291","36,311","1,125.8",32.2,32.3
"Winona, MN","49,985","51,461",626.2,79.8,82.2
"Woodward, OK","18,486","20,081","1,242.4",14.9,16.2
"Wooster, OH","111,564","114,520",554.9,201.0,206.4
"Worthington, MN","20,832","21,378",715.1,29.1,29.9
"Yankton, SD","21,652","22,438",521.2,41.5,43.1
"Yazoo City, MS","28,149","28,065",922.9,30.5,30.4
"Zanesville, OH","84,585","86,074",664.6,127.3,129.5
Outside core based statistical area,"19,131,679","19,484,223","1,881,977.0",10.2,10.4
,,,,,
Puerto Rico,"3,808,610","3,725,789","3,423.8","1,112.4","1,088.2"
Inside core based statistical area,"3,780,126","3,698,513","3,278.4","1,153.0","1,128.1"
In metropolitan statistical area,"3,617,954","3,534,375","2,872.2","1,259.6","1,230.5"
"Aguadilla-Isabela-San Sebastián, PR","312,602","306,292",358.5,872.0,854.4
"Fajardo, PR","78,533","70,692",84.7,927.1,834.5
"Guayama, PR","83,570","84,214",126.7,659.6,664.7
"Mayagüez, PR","115,048","106,330",89.0,"1,292.8","1,194.9"
"Ponce, PR","264,919","243,147",210.7,"1,257.5","1,154.1"
"San Germán-Cabo Rojo, PR","136,212","137,462",220.7,617.3,623.0
"San Juan-Caguas-Guaynabo, PR","2,509,007","2,478,905","1,589.9","1,578.1","1,559.1"
"Yauco, PR","118,063","107,333",192.1,614.5,558.6
,,,,,
In micropolitan statistical area,"162,172","164,138",406.2,399.3,404.1
"Adjuntas, PR","19,143","19,483",66.7,287.0,292.1
"Coamo, PR","68,710","71,590",147.4,466.2,485.8
"Jayuya, PR","17,318","16,642",44.5,388.9,373.7
"Santa Isabel, PR","21,665","23,274",34.0,636.8,684.1
"Utuado, PR","35,336","33,149",113.5,311.2,292.0
Outside core based statistical area,"28,484","27,276",145.4,195.9,187.6
,,,,,
,,,,,
,,,,,
,,,,,
,,,,,
,,,,,
,,,,,
,,,,,